Order_ID,Distance_km,Weather,Traffic_Level,Time_of_Day,Vehicle_Type,Preparation_Time_min,Courier_Experience_yrs,Delivery_Time_min,Day_of_Week,Date,Time
522,7.93,Windy,Low,Afternoon,Scooter,12,1.0,43,Tuesday,2025-01-07,15:26:00
738,16.42,Clear,Medium,Evening,Bike,20,2.0,84,Sunday,2025-01-12,19:47:00
741,9.52,Foggy,Low,Night,Scooter,28,1.0,59,Thursday,2025-01-09,22:02:00
661,7.44,Rainy,Medium,Afternoon,Scooter,5,1.0,37,Thursday,2025-01-09,15:25:00
412,19.03,Clear,Low,Night,Bike,16,5.0,68,Saturday,2025-01-11,23:32:00
679,19.4,Clear,Low,Evening,Scooter,8,9.0,57,Thursday,2025-01-09,19:14:00
627,9.52,Clear,Low,Night,Bike,12,1.0,49,Wednesday,2025-01-08,21:51:00
514,17.39,Clear,Medium,Evening,Scooter,5,6.0,46,Friday,2025-01-10,16:27:00
137,10.62,Foggy,Low,Evening,Scooter,29,1.0,73,Monday,2025-01-06,18:35:00
77,15.54,Clear,Low,Night,Bike,29,1.0,76,Saturday,2025-01-11,20:17:00
637,10.89,Clear,High,Night,Bike,12,5.0,53,Friday,2025-01-10,23:56:00
974,4.69,Rainy,Medium,Evening,Scooter,12,7.0,36,Friday,2025-01-10,19:07:00
939,2.8,Clear,High,Night,Scooter,10,,33,Friday,2025-01-10,21:23:00
281,17.86,Rainy,Low,Afternoon,Bike,5,1.0,50,Friday,2025-01-10,14:28:00
884,2.53,Snowy,Low,Night,Bike,6,8.0,24,Friday,2025-01-10,20:00:00
320,5.38,Clear,Medium,Evening,Scooter,26,1.0,47,Saturday,2025-01-11,16:10:00
550,15.56,Rainy,Low,Afternoon,Scooter,28,0.0,72,Saturday,2025-01-11,14:46:00
372,0.86,Clear,High,Afternoon,Bike,26,5.0,37,Saturday,2025-01-11,13:30:00
211,11.2,Clear,Medium,Night,Bike,23,,73,Sunday,2025-01-12,20:00:00
236,14.59,Clear,Medium,Morning,Bike,15,6.0,64,Tuesday,2025-01-07,09:32:00
102,12.91,Windy,Medium,Evening,Bike,11,6.0,56,Thursday,2025-01-09,17:37:00
987,13.92,Snowy,Low,Night,Scooter,18,4.0,70,Sunday,2025-01-12,22:58:00
903,4.04,Snowy,Low,Night,Bike,11,9.0,70,Thursday,2025-01-09,23:08:00
948,18.05,Clear,Medium,Evening,Scooter,10,7.0,123,Tuesday,2025-01-07,18:46:00
347,12.88,Clear,Medium,Night,Scooter,8,5.0,52,Friday,2025-01-10,23:26:00
140,19.45,Rainy,High,Night,Scooter,20,6.0,108,Tuesday,2025-01-07,22:50:00
622,4.58,Clear,High,Night,Scooter,22,9.0,45,Tuesday,2025-01-07,23:51:00
500,19.73,Foggy,Medium,Evening,Bike,27,4.0,111,Sunday,2025-01-12,17:39:00
371,2.47,Windy,Medium,Morning,Bike,27,2.0,44,Friday,2025-01-10,09:18:00
199,17.8,Snowy,Medium,Night,Bike,16,9.0,73,Wednesday,2025-01-08,20:55:00
688,5.96,Clear,Medium,Afternoon,Bike,22,7.0,45,Sunday,2025-01-12,12:42:00
585,12.85,Windy,Medium,Afternoon,Scooter,18,7.0,61,Sunday,2025-01-12,15:08:00
902,1.02,Clear,Medium,Afternoon,Bike,25,4.0,34,Thursday,2025-01-09,13:12:00
329,8.68,Rainy,Medium,Morning,Bike,8,5.0,52,Wednesday,2025-01-08,09:38:00
97,10.69,Clear,Medium,Night,Bike,25,9.0,67,Saturday,2025-01-11,23:06:00
313,0.99,,Medium,Evening,Bike,15,,32,Saturday,2025-01-11,19:31:00
975,1.11,Clear,Low,Night,Bike,5,6.0,8,Saturday,2025-01-11,22:15:00
300,2.16,Snowy,Low,Evening,Scooter,15,0.0,36,Sunday,2025-01-12,17:35:00
278,13.17,Windy,Medium,Afternoon,Bike,16,4.0,67,Saturday,2025-01-11,12:01:00
925,8.79,Snowy,Low,Night,Bike,14,6.0,43,Wednesday,2025-01-08,22:56:00
602,5.93,Clear,Low,Afternoon,Scooter,19,3.0,36,Saturday,2025-01-11,14:22:00
440,2.09,Rainy,Low,Night,Bike,23,2.0,36,Wednesday,2025-01-08,21:11:00
838,7.57,Clear,Low,Night,Bike,21,0.0,56,Saturday,2025-01-11,20:51:00
571,10.52,Rainy,Medium,Afternoon,Scooter,8,4.0,56,Friday,2025-01-10,12:21:00
31,12.35,Clear,Low,Night,Scooter,10,6.0,35,Monday,2025-01-06,23:07:00
11,0.9,Clear,Low,Afternoon,Bike,20,8.0,23,Friday,2025-01-10,13:07:00
222,11.58,Clear,Medium,Morning,Scooter,16,2.0,61,Thursday,2025-01-09,11:14:00
821,16.16,Clear,High,Afternoon,Bike,11,1.0,82,Wednesday,2025-01-08,15:16:00
297,15.51,Clear,Low,Evening,Bike,17,9.0,69,Friday,2025-01-10,18:50:00
55,12.16,Windy,High,Evening,Scooter,11,0.0,69,Wednesday,2025-01-08,18:49:00
543,4.96,Rainy,High,Night,Bike,21,0.0,60,Saturday,2025-01-11,20:49:00
210,3.64,Windy,High,Evening,Bike,17,6.0,40,Monday,2025-01-06,18:57:00
605,2.85,Clear,Low,Night,Scooter,26,0.0,38,Saturday,2025-01-11,21:54:00
693,10.4,Clear,Low,Evening,Bike,16,4.0,52,Saturday,2025-01-11,16:45:00
663,12.31,Windy,Low,Night,Bike,29,4.0,68,Saturday,2025-01-11,20:59:00
867,3.53,Clear,Medium,Afternoon,Bike,13,7.0,31,Friday,2025-01-10,15:51:00
71,15.56,Clear,Medium,Evening,Bike,14,3.0,54,Sunday,2025-01-12,19:53:00
544,13.6,Clear,Medium,Afternoon,Bike,27,0.0,87,Wednesday,2025-01-08,12:06:00
108,15.23,Snowy,High,Morning,Bike,5,0.0,62,Monday,2025-01-06,11:39:00
494,4.17,,Low,Evening,Scooter,5,1.0,22,Thursday,2025-01-09,16:52:00
591,3.21,Rainy,High,Night,Scooter,16,0.0,42,Monday,2025-01-06,20:32:00
742,6.38,Snowy,Low,Evening,Bike,16,1.0,111,Sunday,2025-01-12,16:10:00
293,16.54,Rainy,Low,Afternoon,Scooter,6,7.0,51,Tuesday,2025-01-07,12:55:00
653,11.94,Clear,Low,Evening,Bike,20,3.0,69,Saturday,2025-01-11,17:58:00
40,9.08,Clear,Low,Afternoon,Scooter,14,5.0,49,Saturday,2025-01-11,14:10:00
590,3.46,Snowy,Medium,Night,Scooter,23,3.0,48,Wednesday,2025-01-08,23:42:00
308,6.8,Foggy,Medium,Night,Scooter,13,7.0,46,Friday,2025-01-10,23:48:00
680,17.38,Rainy,Medium,Afternoon,Scooter,11,2.0,92,Monday,2025-01-06,15:46:00
67,3.25,Clear,Low,Morning,Bike,23,7.0,32,Friday,2025-01-10,09:09:00
276,10.28,Clear,Medium,Evening,Scooter,29,3.0,71,Monday,2025-01-06,18:21:00
319,3.55,Clear,Medium,Evening,Bike,23,0.0,43,Sunday,2025-01-12,17:07:00
549,10.65,Clear,,Afternoon,Scooter,23,8.0,58,Sunday,2025-01-12,13:28:00
715,7.3,Clear,Low,Night,Scooter,14,7.0,28,Wednesday,2025-01-08,23:49:00
754,7.03,Clear,Low,Evening,Scooter,21,1.0,44,Tuesday,2025-01-07,16:15:00
383,12.76,Windy,High,Night,Scooter,27,,74,Saturday,2025-01-11,23:21:00
452,11.39,Rainy,High,Evening,Scooter,14,1.0,72,Wednesday,2025-01-08,18:32:00
219,13.17,Rainy,High,Evening,Scooter,17,8.0,69,Sunday,2025-01-12,17:05:00
437,1.92,Clear,Low,Night,Bike,8,7.0,14,Friday,2025-01-10,22:23:00
765,1.15,Clear,Low,Afternoon,Scooter,26,4.0,30,Thursday,2025-01-09,15:23:00
64,7.46,Clear,Medium,Evening,Bike,8,5.0,42,Saturday,2025-01-11,17:09:00
827,7.25,Clear,Medium,Afternoon,Scooter,18,4.0,45,Friday,2025-01-10,15:50:00
717,16.7,Clear,Medium,Afternoon,Scooter,28,1.0,76,Sunday,2025-01-12,13:08:00
352,17.2,Rainy,High,Afternoon,Scooter,14,2.0,94,Sunday,2025-01-12,15:26:00
645,2.84,Clear,Low,Evening,Scooter,24,2.0,35,Tuesday,2025-01-07,19:57:00
555,17.59,Clear,Low,Night,Bike,24,6.0,69,Monday,2025-01-06,23:54:00
960,14.89,Snowy,High,Night,Scooter,17,6.0,87,Sunday,2025-01-12,22:01:00
169,1.3,Clear,Medium,Evening,Bike,22,4.0,31,Sunday,2025-01-12,19:09:00
918,18.99,Rainy,High,Afternoon,Bike,10,6.0,70,Monday,2025-01-06,12:45:00
529,1.6,Foggy,Low,Night,Scooter,24,,37,Saturday,2025-01-11,20:05:00
824,8.26,Snowy,Low,Afternoon,Bike,15,1.0,57,Thursday,2025-01-09,14:20:00
986,10.16,Clear,High,Night,Bike,12,5.0,52,Wednesday,2025-01-08,23:49:00
87,14.73,Rainy,Low,Afternoon,Bike,24,6.0,74,Sunday,2025-01-12,13:27:00
433,12.56,Clear,High,Evening,Bike,17,5.0,69,Tuesday,2025-01-07,16:25:00
185,5.53,Clear,Medium,Afternoon,Bike,19,1.0,44,Sunday,2025-01-12,12:42:00
979,10.18,Foggy,Medium,Night,Bike,25,3.0,73,Tuesday,2025-01-07,21:57:00
535,15.5,Clear,Medium,Night,Scooter,28,9.0,91,Friday,2025-01-10,20:40:00
295,2.98,Foggy,,Night,Bike,11,2.0,27,Wednesday,2025-01-08,22:26:00
893,16.69,Foggy,Medium,Evening,Scooter,8,2.0,65,Friday,2025-01-10,19:56:00
426,11.22,Windy,High,Evening,Bike,25,5.0,79,Saturday,2025-01-11,18:46:00
714,8.53,Clear,Low,Evening,Scooter,8,2.0,41,Tuesday,2025-01-07,18:58:00
261,12.49,Clear,Medium,Night,Bike,25,4.0,77,Friday,2025-01-10,22:00:00
238,0.97,Clear,Low,Night,Scooter,24,8.0,26,Thursday,2025-01-09,22:57:00
584,6.91,Clear,Medium,Evening,Scooter,28,9.0,56,Monday,2025-01-06,17:44:00
868,4.05,Clear,Medium,Evening,Bike,20,,44,Saturday,2025-01-11,19:28:00
801,14.29,Windy,Medium,Night,Bike,14,7.0,78,Thursday,2025-01-09,21:56:00
600,1.3,Foggy,Low,Evening,Bike,19,5.0,29,Friday,2025-01-10,19:44:00
850,12.11,Rainy,Low,Night,Bike,9,5.0,59,Friday,2025-01-10,22:56:00
266,14.94,Clear,Medium,Night,Bike,11,0.0,62,Friday,2025-01-10,23:49:00
530,17.36,Rainy,High,Afternoon,Bike,24,1.0,105,Tuesday,2025-01-07,13:56:00
56,18.48,Clear,Medium,Night,Bike,8,0.0,82,Thursday,2025-01-09,22:05:00
121,16.25,Foggy,High,Night,Bike,10,5.0,91,Thursday,2025-01-09,20:06:00
73,0.61,Clear,Low,Afternoon,Scooter,10,0.0,16,Saturday,2025-01-11,14:24:00
45,5.55,Foggy,High,Evening,Bike,18,1.0,116,Saturday,2025-01-11,17:33:00
248,19.35,Clear,High,Afternoon,Bike,12,7.0,75,Friday,2025-01-10,14:13:00
722,4.03,Clear,Medium,Evening,Bike,9,5.0,25,Monday,2025-01-06,16:32:00
282,7.09,Snowy,Low,Night,Scooter,13,8.0,37,Wednesday,2025-01-08,22:33:00
894,8.25,Clear,Medium,Afternoon,Bike,7,9.0,28,Tuesday,2025-01-07,14:48:00
915,11.26,Clear,Low,Night,Bike,5,6.0,49,Tuesday,2025-01-07,21:01:00
811,19.7,Rainy,Low,Evening,Bike,10,2.0,60,Thursday,2025-01-09,16:56:00
245,0.8,Snowy,High,Evening,Bike,14,9.0,36,Wednesday,2025-01-08,18:15:00
823,7.0,Rainy,Medium,Evening,Bike,17,9.0,49,Wednesday,2025-01-08,18:46:00
644,6.89,Rainy,Medium,Afternoon,Bike,11,6.0,43,Monday,2025-01-06,15:32:00
978,1.5,Clear,Low,Afternoon,Bike,10,1.0,17,Monday,2025-01-06,12:46:00
430,2.78,,High,Afternoon,Scooter,9,0.0,41,Tuesday,2025-01-07,12:53:00
942,11.31,Clear,Medium,Evening,Bike,7,0.0,54,Tuesday,2025-01-07,18:16:00
310,5.78,Foggy,Low,Afternoon,Scooter,9,9.0,33,Thursday,2025-01-09,14:07:00
698,11.83,Clear,Low,Evening,Scooter,9,7.0,32,Friday,2025-01-10,16:48:00
61,8.08,Foggy,Low,Night,Bike,25,2.0,61,Tuesday,2025-01-07,20:28:00
885,16.1,Clear,Low,Evening,Bike,25,0.0,64,Thursday,2025-01-09,18:36:00
596,9.74,Rainy,Medium,Evening,Scooter,7,8.0,37,Thursday,2025-01-09,16:29:00
768,17.6,Clear,Low,Afternoon,Bike,27,3.0,69,Tuesday,2025-01-07,14:15:00
650,10.22,Snowy,Medium,Night,Bike,18,1.0,68,Monday,2025-01-06,21:22:00
651,2.19,Clear,Low,Evening,Bike,26,3.0,32,Thursday,2025-01-09,18:18:00
866,11.41,Windy,Medium,Afternoon,Scooter,17,4.0,68,Saturday,2025-01-11,13:45:00
669,4.14,Clear,Medium,Night,Scooter,14,2.0,30,Wednesday,2025-01-08,23:33:00
299,12.65,Rainy,Low,Afternoon,Bike,18,8.0,60,Tuesday,2025-01-07,13:06:00
311,9.06,Clear,Medium,Evening,Bike,23,4.0,47,Sunday,2025-01-12,18:33:00
362,13.04,Clear,Medium,Night,Scooter,20,6.0,65,Wednesday,2025-01-08,20:51:00
480,10.7,Clear,Medium,Afternoon,Scooter,8,5.0,44,Wednesday,2025-01-08,14:29:00
111,6.15,Foggy,Low,Evening,Scooter,26,5.0,48,Sunday,2025-01-12,16:09:00
990,16.47,Snowy,High,Evening,Scooter,20,9.0,75,Saturday,2025-01-11,19:53:00
487,1.39,Clear,Medium,Afternoon,Bike,15,4.0,24,Thursday,2025-01-09,15:05:00
364,11.14,Rainy,Medium,Night,Scooter,7,3.0,47,Friday,2025-01-10,23:43:00
255,3.81,Rainy,High,Afternoon,Bike,5,6.0,31,Wednesday,2025-01-08,15:56:00
260,2.39,Rainy,Medium,Evening,Bike,27,7.0,43,Monday,2025-01-06,17:30:00
495,9.54,Rainy,Medium,Evening,Scooter,11,5.0,47,Friday,2025-01-10,17:28:00
671,3.88,Clear,Medium,Morning,Bike,16,2.0,35,Monday,2025-01-06,09:23:00
527,8.59,Clear,Low,Night,Scooter,17,8.0,36,Thursday,2025-01-09,23:37:00
846,8.59,Clear,Low,Evening,Bike,22,2.0,43,Sunday,2025-01-12,19:55:00
138,14.21,Clear,Medium,Evening,Bike,24,,58,Sunday,2025-01-12,18:37:00
356,13.03,Foggy,Low,Night,Scooter,9,1.0,50,Wednesday,2025-01-08,23:40:00
366,8.03,Clear,Low,Evening,Scooter,14,8.0,42,Friday,2025-01-10,19:28:00
830,9.32,Clear,Low,Night,Scooter,6,5.0,30,Friday,2025-01-10,23:46:00
200,15.71,Clear,Low,Afternoon,Scooter,28,5.0,69,Sunday,2025-01-12,15:52:00
214,4.87,Snowy,High,Evening,Bike,16,7.0,54,Wednesday,2025-01-08,17:09:00
409,18.15,Rainy,High,Night,Bike,22,7.0,108,Monday,2025-01-06,21:31:00
333,0.78,Clear,Medium,Night,Bike,6,1.0,17,Tuesday,2025-01-07,23:08:00
209,0.6,Clear,Low,Afternoon,Bike,26,3.0,30,Thursday,2025-01-09,12:44:00
614,2.09,Clear,Medium,Evening,Bike,5,5.0,16,Wednesday,2025-01-08,17:29:00
79,7.49,Clear,,Night,Scooter,13,9.0,45,Saturday,2025-01-11,22:20:00
30,1.41,Foggy,Medium,Evening,Bike,15,0.0,72,Saturday,2025-01-11,17:35:00
536,18.92,Clear,High,Night,Scooter,27,4.0,100,Wednesday,2025-01-08,22:58:00
558,1.06,,Low,Afternoon,Scooter,19,6.0,21,Thursday,2025-01-09,12:38:00
837,18.34,Clear,High,Night,Bike,9,4.0,92,Monday,2025-01-06,23:07:00
597,13.52,Clear,Low,Night,Scooter,27,1.0,82,Sunday,2025-01-12,20:23:00
166,16.79,Foggy,High,Afternoon,Bike,24,6.0,85,Sunday,2025-01-12,14:02:00
919,15.39,Clear,Medium,Evening,Scooter,24,5.0,89,Sunday,2025-01-12,17:07:00
496,7.39,Rainy,Medium,Night,Scooter,25,6.0,60,Sunday,2025-01-12,22:19:00
825,10.98,Rainy,Low,Night,Scooter,10,6.0,55,Tuesday,2025-01-07,22:19:00
66,11.08,Snowy,Medium,Night,Bike,9,0.0,57,Monday,2025-01-06,22:31:00
142,5.41,Clear,Medium,Night,Bike,14,5.0,36,Friday,2025-01-10,20:50:00
926,0.94,Clear,High,Night,Bike,9,6.0,21,Sunday,2025-01-12,21:33:00
828,7.27,Windy,Low,Afternoon,Bike,10,5.0,35,Tuesday,2025-01-07,15:03:00
656,2.99,Windy,Medium,Night,Bike,27,5.0,41,Monday,2025-01-06,22:56:00
332,15.28,Snowy,Low,Evening,Bike,16,5.0,72,Saturday,2025-01-11,18:13:00
908,7.17,Clear,Low,Afternoon,Bike,15,7.0,32,Monday,2025-01-06,13:52:00
306,19.53,Foggy,Low,Afternoon,Bike,11,6.0,87,Thursday,2025-01-09,15:00:00
735,7.5,Clear,High,Night,Bike,29,1.0,66,Saturday,2025-01-11,22:05:00
976,5.61,Windy,Low,Night,Bike,25,9.0,48,Wednesday,2025-01-08,22:04:00
50,4.1,Clear,Low,Night,Bike,21,3.0,37,Monday,2025-01-06,20:26:00
897,6.22,Rainy,Medium,Morning,Bike,15,0.0,49,Saturday,2025-01-11,10:36:00
3,14.77,,High,Night,Scooter,11,6.0,67,Friday,2025-01-10,23:28:00
545,12.55,Windy,Low,Evening,Bike,13,8.0,51,Sunday,2025-01-12,19:57:00
351,10.31,Foggy,Medium,Night,Scooter,19,5.0,62,Thursday,2025-01-09,22:50:00
537,17.07,Clear,Medium,Night,Bike,20,6.0,73,Monday,2025-01-06,23:30:00
345,8.27,,High,Afternoon,Scooter,13,5.0,58,Saturday,2025-01-11,13:48:00
995,7.54,Snowy,Low,Afternoon,Bike,20,,55,Friday,2025-01-10,13:32:00
482,14.07,Clear,High,Afternoon,Bike,5,8.0,67,Wednesday,2025-01-08,15:48:00
576,19.02,Clear,Medium,Afternoon,Bike,29,9.0,87,Saturday,2025-01-11,15:42:00
32,3.83,Rainy,Medium,Afternoon,Bike,12,9.0,30,Tuesday,2025-01-07,15:09:00
232,10.3,Clear,Low,Evening,Scooter,19,8.0,48,Wednesday,2025-01-08,18:05:00
964,8.09,Clear,High,Afternoon,Scooter,15,4.0,51,Monday,2025-01-06,15:24:00
193,18.06,Clear,Medium,Night,Bike,9,8.0,52,Thursday,2025-01-09,21:57:00
334,2.76,Windy,Medium,Night,Scooter,8,5.0,22,Thursday,2025-01-09,23:21:00
4,12.17,Snowy,Low,Evening,Bike,20,8.0,68,Friday,2025-01-10,16:42:00
205,12.33,Clear,Medium,Evening,Bike,22,9.0,75,Saturday,2025-01-11,19:47:00
515,1.38,Clear,Medium,Evening,Scooter,5,8.0,13,Sunday,2025-01-12,18:41:00
800,18.49,Clear,Low,Afternoon,Scooter,14,6.0,71,Tuesday,2025-01-07,12:55:00
307,10.57,Snowy,Low,Afternoon,Bike,28,9.0,59,Monday,2025-01-06,13:45:00
110,2.0,Clear,High,Evening,Scooter,10,2.0,30,Monday,2025-01-06,16:36:00
431,3.29,Clear,Medium,Afternoon,Scooter,17,4.0,32,Tuesday,2025-01-07,14:35:00
78,1.94,Rainy,Medium,Night,Bike,16,0.0,35,Saturday,2025-01-11,20:41:00
85,6.56,Windy,Medium,Afternoon,Bike,14,1.0,47,Saturday,2025-01-11,12:12:00
83,6.95,Clear,Medium,Night,Scooter,25,2.0,58,Saturday,2025-01-11,20:36:00
992,14.05,Clear,High,Night,Scooter,19,0.0,72,Wednesday,2025-01-08,21:48:00
790,18.97,Rainy,High,Night,Bike,20,8.0,108,Wednesday,2025-01-08,23:32:00
895,13.53,Rainy,Low,Evening,Bike,28,8.0,78,Friday,2025-01-10,16:07:00
399,15.14,Rainy,Medium,Night,Bike,8,6.0,66,Monday,2025-01-06,21:01:00
324,5.96,Clear,Low,Afternoon,Bike,26,6.0,48,Friday,2025-01-10,14:50:00
520,3.43,Windy,Medium,Night,Bike,7,6.0,23,Sunday,2025-01-12,21:15:00
917,6.24,,Medium,Evening,Bike,15,3.0,52,Thursday,2025-01-09,19:05:00
923,17.94,Rainy,High,Evening,Scooter,22,6.0,85,Saturday,2025-01-11,18:25:00
6,3.54,Rainy,Medium,Evening,Bike,10,5.0,32,Friday,2025-01-10,16:31:00
732,16.38,Rainy,Medium,Night,Bike,7,,90,Tuesday,2025-01-07,20:21:00
466,7.81,Clear,Low,Evening,Bike,11,4.0,42,Friday,2025-01-10,19:11:00
98,8.84,Clear,,Night,Bike,26,0.0,57,Wednesday,2025-01-08,23:25:00
267,14.09,Clear,Medium,Afternoon,Scooter,12,3.0,55,Monday,2025-01-06,14:24:00
358,11.92,Clear,Low,Afternoon,Scooter,14,4.0,46,Friday,2025-01-10,14:05:00
869,17.3,Clear,Low,Evening,Scooter,9,0.0,67,Sunday,2025-01-12,16:06:00
799,14.08,Clear,High,Morning,Bike,28,6.0,66,Thursday,2025-01-09,11:10:00
381,2.8,Clear,High,Afternoon,Bike,28,1.0,50,Thursday,2025-01-09,14:09:00
632,17.96,Clear,Medium,Evening,Bike,22,2.0,76,Sunday,2025-01-12,17:16:00
382,14.09,Clear,High,Afternoon,Bike,12,6.0,67,Saturday,2025-01-11,12:09:00
491,9.39,Clear,Low,Night,Bike,14,2.0,37,Saturday,2025-01-11,22:01:00
119,17.9,Clear,Low,Night,Bike,23,,85,Wednesday,2025-01-08,23:55:00
901,4.55,Rainy,Low,Afternoon,Bike,5,6.0,21,Sunday,2025-01-12,12:39:00
251,6.24,Snowy,Low,Afternoon,Bike,20,4.0,51,Tuesday,2025-01-07,14:11:00
524,16.92,Clear,Low,Night,Scooter,29,0.0,70,Friday,2025-01-10,20:45:00
10,14.31,Clear,Medium,Night,Bike,9,8.0,47,Monday,2025-01-06,20:19:00
197,14.66,Windy,Medium,Afternoon,Bike,20,2.0,77,Friday,2025-01-10,15:06:00
604,2.23,Clear,Low,Night,Bike,7,6.0,14,Wednesday,2025-01-08,22:09:00
82,12.65,Clear,Low,Evening,Bike,15,4.0,66,Thursday,2025-01-09,19:57:00
784,7.24,Rainy,Medium,Evening,Bike,28,6.0,65,Thursday,2025-01-09,18:16:00
588,3.01,Clear,Medium,Evening,Bike,14,4.0,26,Tuesday,2025-01-07,19:52:00
798,11.52,,Medium,Night,Scooter,25,2.0,58,Friday,2025-01-10,20:03:00
240,3.95,Clear,Low,Afternoon,Bike,13,5.0,25,Sunday,2025-01-12,13:15:00
291,1.09,Clear,Medium,Night,Scooter,6,2.0,17,Sunday,2025-01-12,21:31:00
212,13.99,Clear,High,Evening,Scooter,7,3.0,96,Tuesday,2025-01-07,19:07:00
360,11.72,Rainy,Low,Evening,Bike,11,9.0,42,Saturday,2025-01-11,18:03:00
450,2.13,Rainy,Low,Night,Scooter,9,2.0,22,Saturday,2025-01-11,22:29:00
228,8.17,Clear,Medium,Afternoon,Scooter,20,9.0,44,Thursday,2025-01-09,15:04:00
951,12.21,Clear,High,Night,Bike,9,4.0,57,Monday,2025-01-06,23:01:00
947,3.17,Clear,Medium,Evening,Scooter,17,6.0,33,Saturday,2025-01-11,19:40:00
797,18.68,Snowy,Low,Afternoon,Bike,11,8.0,62,Sunday,2025-01-12,13:58:00
502,10.95,Clear,Medium,Evening,Scooter,24,4.0,55,Friday,2025-01-10,16:17:00
465,19.26,Windy,Medium,Night,Scooter,21,6.0,67,Thursday,2025-01-09,20:42:00
363,9.44,Rainy,,Evening,Scooter,28,8.0,63,Friday,2025-01-10,16:15:00
936,5.81,Foggy,Low,Afternoon,Bike,25,8.0,51,Tuesday,2025-01-07,13:19:00
429,7.34,Rainy,Low,Evening,Bike,22,8.0,47,Saturday,2025-01-11,19:28:00
8,17.39,Foggy,Medium,Night,Bike,25,4.0,100,Saturday,2025-01-11,22:51:00
156,5.22,Snowy,Low,Evening,Bike,11,9.0,40,Tuesday,2025-01-07,17:50:00
542,12.32,Clear,Medium,Evening,Scooter,17,4.0,71,Sunday,2025-01-12,17:23:00
483,9.36,Rainy,High,Night,Scooter,17,2.0,65,Wednesday,2025-01-08,21:50:00
423,2.28,Clear,Medium,Evening,Scooter,27,9.0,39,Sunday,2025-01-12,17:34:00
779,14.54,Clear,Medium,Evening,Bike,29,2.0,73,Thursday,2025-01-09,19:58:00
335,1.4,Windy,Low,Evening,Bike,9,9.0,17,Tuesday,2025-01-07,19:02:00
577,3.37,Clear,High,Morning,Bike,9,,28,Thursday,2025-01-09,09:52:00
935,3.85,Rainy,Medium,Afternoon,Bike,26,3.0,46,Thursday,2025-01-09,15:53:00
568,9.03,Clear,Low,Evening,Bike,11,5.0,43,Monday,2025-01-06,18:41:00
595,17.99,Snowy,Low,Afternoon,Bike,15,3.0,63,Friday,2025-01-10,13:00:00
531,16.35,Clear,Medium,Morning,Bike,16,0.0,66,Friday,2025-01-10,09:59:00
582,19.61,Clear,High,Evening,Bike,8,6.0,72,Saturday,2025-01-11,19:17:00
708,16.29,Clear,Low,Night,Bike,20,1.0,72,Monday,2025-01-06,22:53:00
449,7.84,Windy,Low,Afternoon,Bike,6,4.0,28,Friday,2025-01-10,15:22:00
229,17.89,Windy,Low,Afternoon,Bike,27,1.0,101,Monday,2025-01-06,13:37:00
353,13.34,Clear,Medium,Night,Bike,20,6.0,53,Saturday,2025-01-11,22:02:00
729,4.43,Foggy,Low,Night,Scooter,10,1.0,63,Monday,2025-01-06,21:47:00
213,13.21,Clear,,Night,Scooter,12,4.0,63,Sunday,2025-01-12,20:24:00
80,2.76,Windy,Medium,Night,Bike,6,2.0,27,Saturday,2025-01-11,20:19:00
149,1.5,Foggy,Medium,Evening,Scooter,15,4.0,32,Friday,2025-01-10,16:25:00
303,11.04,Clear,Medium,Afternoon,Scooter,8,2.0,54,Thursday,2025-01-09,12:53:00
629,1.22,Clear,Medium,Evening,Scooter,6,,14,Tuesday,2025-01-07,17:46:00
778,14.58,Clear,Low,Afternoon,Bike,13,,57,Wednesday,2025-01-08,14:56:00
507,18.26,Rainy,High,Night,Scooter,28,7.0,93,Sunday,2025-01-12,23:13:00
486,18.07,Clear,High,Afternoon,Scooter,5,2.0,67,Sunday,2025-01-12,14:56:00
712,12.11,Clear,Medium,Evening,Bike,28,0.0,75,Monday,2025-01-06,18:40:00
134,7.08,Clear,Medium,Afternoon,Scooter,5,8.0,27,Friday,2025-01-10,14:48:00
704,3.12,Rainy,Low,Evening,Scooter,14,5.0,28,Saturday,2025-01-11,19:17:00
723,1.8,Clear,,Night,Bike,14,1.0,28,Friday,2025-01-10,21:42:00
630,5.42,Clear,Low,Evening,Scooter,11,9.0,26,Monday,2025-01-06,18:21:00
1,7.8,Clear,Low,Evening,Scooter,23,5.0,52,Wednesday,2025-01-08,17:29:00
317,8.47,Rainy,Low,Afternoon,Scooter,19,0.0,48,Wednesday,2025-01-08,14:01:00
707,6.79,Rainy,Low,Evening,Scooter,16,1.0,39,Saturday,2025-01-11,17:41:00
548,13.6,Rainy,Medium,Afternoon,Scooter,23,6.0,83,Thursday,2025-01-09,12:38:00
873,13.06,Rainy,High,Night,Bike,17,8.0,59,Friday,2025-01-10,23:00:00
533,19.93,Snowy,Low,Afternoon,Bike,6,6.0,59,Sunday,2025-01-12,12:43:00
478,11.3,Snowy,Medium,Afternoon,Bike,15,8.0,70,Friday,2025-01-10,13:26:00
173,10.49,Rainy,Low,Night,Bike,28,9.0,66,Sunday,2025-01-12,23:48:00
126,8.83,,Medium,Evening,Scooter,12,3.0,109,Thursday,2025-01-09,19:34:00
421,15.94,Clear,Low,Evening,Bike,24,2.0,77,Tuesday,2025-01-07,16:50:00
553,11.26,Foggy,High,Afternoon,Bike,14,2.0,70,Sunday,2025-01-12,12:34:00
904,11.87,Clear,Medium,Night,Bike,10,6.0,43,Thursday,2025-01-09,20:57:00
91,2.83,Windy,Medium,Afternoon,Scooter,14,6.0,28,Tuesday,2025-01-07,15:43:00
182,2.71,Clear,Low,Night,Scooter,6,1.0,20,Wednesday,2025-01-08,20:22:00
275,10.47,Clear,High,Evening,Scooter,14,7.0,55,Monday,2025-01-06,19:52:00
896,4.5,Snowy,High,Evening,Bike,24,0.0,66,Thursday,2025-01-09,18:24:00
292,1.23,Clear,Low,Evening,Bike,18,6.0,21,Sunday,2025-01-12,17:53:00
132,4.83,Clear,Low,Evening,Bike,11,1.0,29,Sunday,2025-01-12,16:07:00
301,1.51,Clear,High,Afternoon,Bike,14,2.0,32,Sunday,2025-01-12,15:23:00
425,1.62,Windy,Low,Evening,Bike,9,8.0,16,Tuesday,2025-01-07,17:28:00
327,11.31,Clear,High,Evening,Bike,20,0.0,67,Thursday,2025-01-09,16:14:00
424,10.14,Clear,Medium,Night,Scooter,20,1.0,59,Monday,2025-01-06,20:48:00
136,6.8,Clear,High,Evening,Bike,28,5.0,55,Sunday,2025-01-12,18:43:00
451,15.65,Clear,Low,Afternoon,Bike,27,0.0,76,Thursday,2025-01-09,14:12:00
165,2.26,Clear,Medium,Night,Scooter,6,3.0,19,Friday,2025-01-10,20:52:00
29,12.05,Clear,Low,Evening,Scooter,29,4.0,61,Saturday,2025-01-11,18:51:00
194,12.85,Rainy,Medium,Afternoon,Scooter,23,0.0,80,Thursday,2025-01-09,13:14:00
389,15.14,Windy,Medium,Night,Bike,15,4.0,71,Wednesday,2025-01-08,23:23:00
853,4.59,Foggy,Low,Evening,Scooter,19,8.0,36,Sunday,2025-01-12,16:17:00
170,12.02,Clear,Low,Afternoon,Bike,26,0.0,63,Sunday,2025-01-12,15:57:00
706,19.8,Clear,High,Evening,Bike,7,3.0,88,Wednesday,2025-01-08,17:00:00
141,19.27,Foggy,High,Afternoon,Bike,14,6.0,92,Friday,2025-01-10,13:52:00
174,4.92,Clear,High,Morning,Scooter,12,0.0,41,Sunday,2025-01-12,11:25:00
7,1.63,Rainy,Medium,Night,Bike,24,5.0,38,Monday,2025-01-06,20:55:00
746,18.04,Clear,Medium,Night,Bike,8,5.0,71,Thursday,2025-01-09,22:36:00
479,19.4,Snowy,,Afternoon,Scooter,23,9.0,92,Tuesday,2025-01-07,15:10:00
74,16.4,Clear,High,Night,Scooter,12,2.0,70,Friday,2025-01-10,21:42:00
814,18.46,Clear,,Evening,Scooter,29,1.0,153,Monday,2025-01-06,17:04:00
239,13.09,Windy,Low,Afternoon,Scooter,17,1.0,69,Thursday,2025-01-09,13:47:00
146,1.22,Foggy,High,Afternoon,Scooter,14,2.0,38,Wednesday,2025-01-08,12:08:00
793,10.36,Rainy,Medium,Afternoon,Bike,7,8.0,39,Friday,2025-01-10,14:59:00
235,4.31,Rainy,Medium,Afternoon,Bike,9,2.0,35,Sunday,2025-01-12,13:56:00
221,13.32,Windy,Medium,Afternoon,Bike,26,0.0,71,Saturday,2025-01-11,14:12:00
501,14.11,Rainy,High,Night,Scooter,24,3.0,93,Saturday,2025-01-11,20:44:00
133,2.84,Clear,Medium,Night,Scooter,28,1.0,44,Friday,2025-01-10,22:43:00
775,16.05,Snowy,Medium,Evening,Bike,11,2.0,89,Monday,2025-01-06,19:00:00
186,13.37,Windy,High,Afternoon,Scooter,17,8.0,63,Tuesday,2025-01-07,15:41:00
42,10.16,Snowy,Medium,Night,Bike,10,1.0,67,Sunday,2025-01-12,20:54:00
697,6.13,Clear,Medium,Night,Scooter,22,0.0,48,Thursday,2025-01-09,22:27:00
589,3.0,Clear,Low,Night,Scooter,29,1.0,43,Tuesday,2025-01-07,23:17:00
406,17.96,Clear,,Evening,Scooter,26,0.0,74,Saturday,2025-01-11,16:43:00
443,7.8,Rainy,Medium,Night,Bike,11,7.0,49,Wednesday,2025-01-08,23:21:00
758,10.9,Clear,High,Afternoon,Scooter,6,8.0,47,Wednesday,2025-01-08,15:23:00
998,3.17,Clear,Low,Afternoon,Bike,17,1.0,28,Sunday,2025-01-12,12:56:00
25,9.39,Windy,Medium,Night,Scooter,21,9.0,50,Sunday,2025-01-12,21:03:00
468,17.44,Clear,Low,Evening,Bike,25,9.0,89,Thursday,2025-01-09,18:58:00
540,3.02,Rainy,Medium,Night,Bike,23,1.0,46,Sunday,2025-01-12,23:39:00
532,19.99,Rainy,High,Evening,Bike,17,1.0,112,Saturday,2025-01-11,19:20:00
619,16.22,Rainy,High,Evening,Bike,22,0.0,102,Saturday,2025-01-11,16:25:00
695,2.74,Clear,High,Afternoon,Bike,18,9.0,37,Monday,2025-01-06,13:21:00
927,5.74,Rainy,High,Evening,Bike,13,9.0,46,Tuesday,2025-01-07,16:56:00
339,9.75,Clear,Low,Afternoon,Bike,22,7.0,50,Friday,2025-01-10,12:47:00
52,15.62,Rainy,Medium,Afternoon,Scooter,23,7.0,78,Sunday,2025-01-12,13:44:00
508,16.54,Rainy,Medium,Afternoon,Bike,25,7.0,77,Friday,2025-01-10,15:04:00
517,7.84,Rainy,Low,Night,Scooter,7,8.0,36,Tuesday,2025-01-07,21:12:00
782,11.08,Windy,High,Afternoon,Bike,16,6.0,70,Tuesday,2025-01-07,13:21:00
265,17.61,Clear,Medium,Evening,Scooter,21,9.0,79,Saturday,2025-01-11,18:04:00
711,15.32,Clear,Medium,Night,Bike,17,6.0,80,Tuesday,2025-01-07,21:00:00
833,3.25,Rainy,,Evening,Scooter,29,0.0,51,Friday,2025-01-10,16:01:00
519,19.75,Clear,Medium,Night,Bike,25,1.0,103,Monday,2025-01-06,23:27:00
448,15.19,Foggy,Low,Evening,Scooter,6,4.0,53,Monday,2025-01-06,16:37:00
19,8.92,Windy,,Morning,Bike,25,4.0,62,Saturday,2025-01-11,11:59:00
716,18.63,Windy,Low,Afternoon,Bike,11,5.0,85,Saturday,2025-01-11,14:53:00
484,12.74,Clear,Low,Night,Scooter,18,0.0,67,Thursday,2025-01-09,22:15:00
569,18.13,Rainy,High,Evening,Bike,21,2.0,88,Wednesday,2025-01-08,16:30:00
368,18.15,Windy,Medium,Night,Bike,11,2.0,89,Saturday,2025-01-11,21:21:00
84,1.74,Foggy,High,Afternoon,Scooter,8,9.0,28,Wednesday,2025-01-08,12:52:00
62,5.79,Windy,Medium,Night,Bike,26,6.0,49,Friday,2025-01-10,22:33:00
639,5.75,Windy,High,Night,Scooter,7,4.0,37,Sunday,2025-01-12,21:04:00
273,17.41,Snowy,Medium,Evening,Bike,20,4.0,80,Tuesday,2025-01-07,19:48:00
286,1.2,Rainy,Low,Night,Scooter,24,7.0,33,Sunday,2025-01-12,20:28:00
361,8.07,Windy,Low,Evening,Bike,21,4.0,48,Tuesday,2025-01-07,19:37:00
355,1.88,Clear,Medium,Night,Scooter,24,7.0,35,Friday,2025-01-10,22:01:00
457,0.72,Rainy,Medium,Afternoon,Scooter,9,2.0,23,Thursday,2025-01-09,12:58:00
279,14.19,Clear,Medium,Afternoon,Bike,9,1.0,57,Sunday,2025-01-12,12:24:00
13,16.73,Windy,High,Afternoon,Scooter,9,7.0,71,Wednesday,2025-01-08,14:56:00
183,18.53,Rainy,Low,Afternoon,Scooter,8,8.0,57,Thursday,2025-01-09,12:50:00
369,4.32,Clear,Low,Night,Bike,21,9.0,34,Sunday,2025-01-12,21:03:00
882,13.6,Foggy,High,Evening,Bike,9,7.0,61,Friday,2025-01-10,19:03:00
616,18.46,Rainy,Low,Night,Bike,19,9.0,94,Friday,2025-01-10,22:39:00
573,8.23,Snowy,Low,Evening,Bike,17,3.0,56,Wednesday,2025-01-08,19:04:00
971,13.44,Clear,Low,Night,Bike,29,0.0,63,Saturday,2025-01-11,20:43:00
583,10.11,Rainy,,Afternoon,Scooter,23,2.0,63,Monday,2025-01-06,12:35:00
177,13.97,Snowy,Low,Evening,Scooter,14,8.0,52,Monday,2025-01-06,16:18:00
666,3.48,Foggy,Low,Afternoon,Scooter,9,1.0,31,Friday,2025-01-10,15:25:00
674,10.73,Foggy,Low,Night,Bike,6,6.0,35,Thursday,2025-01-09,20:17:00
874,8.47,Foggy,Medium,Evening,Bike,24,0.0,68,Sunday,2025-01-12,19:14:00
394,15.64,Rainy,Low,Evening,Bike,20,4.0,141,Sunday,2025-01-12,16:29:00
164,10.95,Snowy,,Afternoon,Bike,9,1.0,65,Saturday,2025-01-11,15:29:00
249,19.29,Windy,Medium,Evening,Scooter,7,8.0,84,Saturday,2025-01-11,19:56:00
635,2.59,Windy,Medium,Afternoon,Bike,13,5.0,28,Saturday,2025-01-11,12:21:00
670,6.06,Foggy,Low,Afternoon,Scooter,10,8.0,41,Tuesday,2025-01-07,12:29:00
376,6.72,Foggy,Low,Evening,Bike,8,5.0,31,Saturday,2025-01-11,18:37:00
413,19.04,Clear,Medium,Night,Scooter,27,2.0,85,Wednesday,2025-01-08,21:06:00
75,14.28,Windy,High,Afternoon,Scooter,23,5.0,77,Wednesday,2025-01-08,12:00:00
114,16.26,Rainy,High,Night,Bike,16,6.0,70,Saturday,2025-01-11,20:37:00
599,4.25,Clear,Low,Afternoon,Bike,5,4.0,22,Friday,2025-01-10,13:57:00
962,12.26,Clear,Low,Afternoon,Bike,20,2.0,66,Sunday,2025-01-12,13:40:00
391,19.81,Clear,Low,Afternoon,Bike,27,1.0,74,Wednesday,2025-01-08,14:22:00
105,18.2,Windy,Medium,Night,Bike,27,1.0,108,Friday,2025-01-10,23:30:00
115,12.85,Rainy,Medium,Night,Scooter,14,8.0,73,Monday,2025-01-06,23:11:00
418,6.91,Clear,Low,Evening,Bike,27,8.0,91,Friday,2025-01-10,17:08:00
526,9.64,Clear,Low,Night,Bike,10,5.0,46,Saturday,2025-01-11,20:03:00
458,9.64,Rainy,Medium,Evening,Bike,14,6.0,52,Friday,2025-01-10,17:19:00
410,2.28,Foggy,Medium,Night,Scooter,27,6.0,44,Wednesday,2025-01-08,23:32:00
93,15.34,Rainy,Low,Afternoon,Bike,18,6.0,54,Monday,2025-01-06,14:19:00
931,3.22,Rainy,Medium,Night,Bike,14,8.0,34,Tuesday,2025-01-07,21:09:00
90,9.71,Clear,Low,Night,Bike,8,1.0,49,Friday,2025-01-10,22:55:00
337,17.18,Clear,Medium,Night,Scooter,13,1.0,62,Sunday,2025-01-12,22:18:00
989,5.3,Clear,Medium,Afternoon,Scooter,29,3.0,47,Tuesday,2025-01-07,14:00:00
922,10.0,Clear,Medium,Afternoon,Scooter,6,9.0,47,Saturday,2025-01-11,13:03:00
934,10.75,Rainy,Medium,Night,Bike,8,6.0,60,Sunday,2025-01-12,21:32:00
594,7.24,Clear,Medium,Afternoon,Bike,28,7.0,57,Friday,2025-01-10,12:27:00
612,16.09,Rainy,Low,Night,Bike,21,8.0,66,Saturday,2025-01-11,23:32:00
95,15.53,Clear,Low,Night,Bike,26,6.0,83,Saturday,2025-01-11,21:40:00
12,19.41,Windy,Low,Night,Bike,11,8.0,62,Wednesday,2025-01-08,21:50:00
397,17.24,Clear,Low,Evening,Bike,17,5.0,69,Wednesday,2025-01-08,16:21:00
534,11.33,,Low,Night,Bike,25,3.0,60,Monday,2025-01-06,21:42:00
44,18.23,Rainy,Low,Afternoon,Scooter,27,9.0,86,Sunday,2025-01-12,15:44:00
43,1.17,Clear,Medium,Night,Bike,16,9.0,25,Sunday,2025-01-12,23:38:00
168,4.14,Rainy,Low,Night,Bike,23,2.0,41,Saturday,2025-01-11,22:54:00
498,2.02,Clear,High,Evening,Bike,28,5.0,44,Monday,2025-01-06,18:39:00
877,14.46,Rainy,Medium,Night,Scooter,11,9.0,68,Thursday,2025-01-09,22:26:00
598,3.86,Clear,Medium,Afternoon,Bike,21,8.0,34,Tuesday,2025-01-07,14:10:00
757,12.59,Windy,Medium,Night,Bike,13,9.0,62,Monday,2025-01-06,20:29:00
101,1.11,Clear,High,Night,Scooter,22,8.0,35,Friday,2025-01-10,22:59:00
427,9.11,Clear,Low,Afternoon,Bike,19,6.0,42,Sunday,2025-01-12,13:58:00
179,18.77,Snowy,Medium,Evening,Bike,24,0.0,115,Sunday,2025-01-12,16:40:00
445,16.35,Foggy,Medium,Night,Bike,16,6.0,67,Saturday,2025-01-11,21:44:00
417,6.22,Clear,Low,Afternoon,Bike,16,9.0,29,Monday,2025-01-06,13:29:00
871,7.78,Foggy,High,Afternoon,Bike,25,3.0,74,Wednesday,2025-01-08,13:15:00
681,16.43,Clear,Low,Evening,Bike,13,5.0,56,Wednesday,2025-01-08,19:47:00
912,5.73,Foggy,Low,Night,Scooter,7,2.0,30,Saturday,2025-01-11,22:51:00
794,12.42,Rainy,Low,Evening,Bike,28,9.0,79,Saturday,2025-01-11,19:13:00
961,2.11,Clear,Low,Afternoon,Scooter,28,5.0,34,Thursday,2025-01-09,15:11:00
685,18.62,Clear,Low,Evening,Scooter,27,6.0,75,Thursday,2025-01-09,16:23:00
384,17.61,Clear,Medium,Night,Scooter,19,3.0,80,Monday,2025-01-06,20:04:00
957,10.62,Rainy,Medium,Night,Bike,7,2.0,48,Wednesday,2025-01-08,22:01:00
752,18.83,,Medium,Night,Bike,8,0.0,68,Thursday,2025-01-09,20:09:00
258,14.07,Clear,Medium,Night,Bike,16,9.0,73,Tuesday,2025-01-07,22:28:00
539,9.29,Clear,Medium,Evening,Bike,10,9.0,40,Thursday,2025-01-09,17:40:00
336,1.29,Rainy,Low,Evening,Bike,7,7.0,15,Sunday,2025-01-12,18:02:00
16,4.08,Windy,Medium,Afternoon,Bike,7,0.0,33,Friday,2025-01-10,12:12:00
759,17.93,Clear,Medium,Afternoon,Bike,29,4.0,85,Monday,2025-01-06,13:18:00
180,3.18,Rainy,Medium,Evening,Bike,21,3.0,42,Tuesday,2025-01-07,17:14:00
23,6.2,Windy,High,Evening,Scooter,7,3.0,42,Friday,2025-01-10,18:46:00
357,1.02,Windy,High,Evening,Bike,6,8.0,21,Thursday,2025-01-09,17:21:00
667,5.3,Clear,Low,Evening,Bike,16,5.0,32,Thursday,2025-01-09,17:11:00
341,10.09,Clear,Medium,Evening,Bike,7,0.0,49,Friday,2025-01-10,17:01:00
432,15.35,Rainy,High,Night,Scooter,23,9.0,80,Friday,2025-01-10,21:53:00
552,17.12,Rainy,Low,Night,Bike,26,3.0,86,Saturday,2025-01-11,22:58:00
834,3.94,Snowy,Low,Afternoon,Bike,19,3.0,43,Thursday,2025-01-09,12:01:00
631,14.41,Snowy,Medium,Evening,Bike,8,8.0,75,Saturday,2025-01-11,17:24:00
69,1.95,Clear,Low,Night,Scooter,16,2.0,23,Thursday,2025-01-09,20:21:00
623,7.72,Rainy,Medium,Night,Bike,11,,36,Monday,2025-01-06,21:19:00
285,11.78,Clear,Low,Afternoon,Scooter,26,3.0,71,Friday,2025-01-10,15:15:00
845,3.4,Windy,Medium,Night,Bike,11,6.0,30,Friday,2025-01-10,22:51:00
435,2.14,Clear,High,Evening,Bike,18,3.0,34,Sunday,2025-01-12,18:42:00
154,10.04,Rainy,High,Afternoon,Bike,12,9.0,59,Saturday,2025-01-11,13:33:00
76,14.72,Clear,,Evening,Scooter,15,8.0,80,Sunday,2025-01-12,19:56:00
731,3.7,Clear,Medium,Night,Bike,28,7.0,45,Sunday,2025-01-12,20:07:00
447,19.73,Rainy,Low,Evening,Bike,8,8.0,64,Friday,2025-01-10,17:56:00
189,10.83,Clear,Medium,Evening,Scooter,8,9.0,51,Friday,2025-01-10,17:50:00
237,5.98,Foggy,High,Night,Bike,14,6.0,44,Friday,2025-01-10,22:04:00
488,5.98,Rainy,High,Night,Bike,21,2.0,60,Sunday,2025-01-12,23:44:00
118,4.14,Foggy,Medium,Night,Bike,21,0.0,46,Saturday,2025-01-11,22:20:00
944,16.68,,Medium,Afternoon,Bike,9,9.0,63,Tuesday,2025-01-07,15:40:00
513,18.69,Windy,Medium,Night,Bike,23,9.0,74,Saturday,2025-01-11,21:58:00
826,18.44,Rainy,High,Morning,Bike,27,7.0,80,Tuesday,2025-01-07,09:48:00
592,13.0,Windy,High,Night,Bike,22,8.0,65,Thursday,2025-01-09,23:46:00
127,16.45,,Medium,Evening,Scooter,25,3.0,87,Wednesday,2025-01-08,17:54:00
474,17.88,Clear,Medium,Evening,Bike,29,3.0,98,Saturday,2025-01-11,18:50:00
694,5.23,Clear,Medium,Night,Scooter,19,4.0,37,Sunday,2025-01-12,21:20:00
58,4.32,,Medium,Night,Bike,17,4.0,36,Wednesday,2025-01-08,21:03:00
864,9.09,Rainy,Medium,Night,Bike,6,7.0,43,Monday,2025-01-06,22:55:00
913,12.67,Windy,Medium,Night,Scooter,7,3.0,43,Wednesday,2025-01-08,21:54:00
370,1.85,Clear,Medium,Evening,Bike,10,1.0,24,Saturday,2025-01-11,19:13:00
47,6.58,Clear,Low,Afternoon,Bike,13,1.0,34,Wednesday,2025-01-08,12:50:00
350,12.7,Clear,Low,Night,Scooter,22,2.0,57,Wednesday,2025-01-08,23:50:00
196,7.31,Foggy,Medium,Afternoon,Bike,26,2.0,65,Tuesday,2025-01-07,12:10:00
1000,9.2,Clear,High,Night,Scooter,9,9.0,48,Friday,2025-01-10,23:48:00
835,10.22,Foggy,Low,Afternoon,Scooter,21,0.0,61,Wednesday,2025-01-08,14:31:00
737,8.15,Clear,High,Evening,Scooter,12,9.0,43,Saturday,2025-01-11,19:11:00
264,10.61,Clear,Medium,Night,Bike,17,0.0,59,Monday,2025-01-06,22:45:00
444,7.73,Clear,High,Night,Bike,29,5.0,58,Saturday,2025-01-11,22:33:00
342,9.73,Clear,Low,Afternoon,Bike,29,6.0,60,Wednesday,2025-01-08,15:45:00
150,5.93,Foggy,High,Evening,Scooter,27,1.0,106,Friday,2025-01-10,19:30:00
125,4.94,Rainy,High,Evening,Scooter,28,4.0,63,Wednesday,2025-01-08,18:37:00
928,11.06,Clear,High,Evening,Bike,6,9.0,53,Saturday,2025-01-11,19:40:00
143,10.2,Rainy,Medium,Afternoon,Bike,18,9.0,56,Sunday,2025-01-12,12:13:00
400,15.21,Snowy,Medium,Afternoon,Bike,20,9.0,90,Sunday,2025-01-12,13:57:00
626,7.69,Rainy,High,Night,Scooter,16,3.0,58,Friday,2025-01-10,21:28:00
321,11.21,Clear,High,Afternoon,Scooter,23,1.0,76,Thursday,2025-01-09,13:25:00
20,6.18,Clear,Medium,Evening,Bike,9,9.0,35,Saturday,2025-01-11,17:19:00
791,3.49,Clear,Medium,Night,Bike,17,2.0,38,Saturday,2025-01-11,23:56:00
809,9.29,Clear,Medium,Night,Bike,17,2.0,49,Tuesday,2025-01-07,23:36:00
408,0.71,Foggy,Low,Night,Bike,29,1.0,41,Saturday,2025-01-11,21:59:00
538,5.32,Rainy,Low,Afternoon,Scooter,27,2.0,48,Thursday,2025-01-09,14:16:00
39,13.84,Clear,Low,Night,Scooter,18,,64,Tuesday,2025-01-07,23:07:00
829,14.88,Snowy,Medium,Evening,Bike,10,0.0,64,Wednesday,2025-01-08,17:48:00
155,19.72,Rainy,Low,Afternoon,Bike,27,6.0,109,Wednesday,2025-01-08,12:18:00
288,11.08,Clear,Low,Evening,Scooter,28,2.0,58,Friday,2025-01-10,19:33:00
323,13.37,Foggy,Medium,Evening,Scooter,16,9.0,71,Wednesday,2025-01-08,18:14:00
256,11.36,Clear,Medium,Night,Scooter,8,2.0,52,Tuesday,2025-01-07,20:29:00
658,7.58,Clear,High,Afternoon,Scooter,19,9.0,57,Tuesday,2025-01-07,14:27:00
965,6.13,Rainy,High,Night,Bike,25,6.0,59,Friday,2025-01-10,23:29:00
191,2.32,Clear,Low,Afternoon,Scooter,23,1.0,32,Saturday,2025-01-11,15:26:00
116,17.49,Rainy,Low,Evening,Bike,27,9.0,97,Wednesday,2025-01-08,18:51:00
181,7.15,Windy,Low,Night,Bike,15,3.0,42,Monday,2025-01-06,23:20:00
713,9.7,Snowy,Low,Evening,Bike,6,,45,Tuesday,2025-01-07,18:24:00
724,14.95,Clear,Medium,Night,Bike,13,7.0,49,Sunday,2025-01-12,20:22:00
686,11.36,Foggy,Low,Afternoon,Bike,6,4.0,47,Friday,2025-01-10,15:14:00
980,12.14,Foggy,High,Afternoon,Bike,12,0.0,65,Thursday,2025-01-09,14:41:00
985,14.7,Clear,Medium,Evening,Scooter,24,5.0,75,Monday,2025-01-06,16:22:00
46,13.42,Rainy,Medium,Evening,Bike,6,6.0,105,Saturday,2025-01-11,16:18:00
910,7.9,Clear,Low,Afternoon,Scooter,22,,48,Friday,2025-01-10,12:50:00
852,15.12,Foggy,Low,Night,Bike,14,1.0,58,Tuesday,2025-01-07,22:59:00
512,8.66,Snowy,High,Night,Bike,29,3.0,77,Tuesday,2025-01-07,21:06:00
941,5.84,Clear,,Evening,Bike,21,7.0,35,Thursday,2025-01-09,16:04:00
516,1.01,Clear,High,Night,Bike,17,7.0,29,Saturday,2025-01-11,22:02:00
953,3.92,Rainy,Medium,Night,Bike,20,9.0,41,Sunday,2025-01-12,21:21:00
481,12.77,Foggy,Low,Night,Bike,22,8.0,71,Friday,2025-01-10,21:43:00
284,2.33,Clear,Low,Evening,Bike,9,2.0,18,Saturday,2025-01-11,18:16:00
719,2.92,Windy,High,Afternoon,Bike,24,4.0,48,Tuesday,2025-01-07,14:47:00
878,13.35,Rainy,Low,Evening,Scooter,14,4.0,91,Friday,2025-01-10,18:12:00
226,5.26,Rainy,Medium,Evening,Scooter,28,8.0,51,Saturday,2025-01-11,17:54:00
27,4.39,Foggy,Medium,Night,Bike,12,8.0,38,Tuesday,2025-01-07,22:00:00
955,8.67,Windy,High,Night,Bike,20,4.0,55,Sunday,2025-01-12,22:18:00
438,16.53,Snowy,Low,Afternoon,Scooter,24,9.0,99,Tuesday,2025-01-07,14:50:00
952,13.47,Clear,Medium,Evening,Bike,19,4.0,59,Wednesday,2025-01-08,19:25:00
365,18.86,Snowy,Medium,Night,Bike,18,1.0,89,Friday,2025-01-10,20:30:00
230,12.81,Clear,Low,Night,Bike,12,2.0,51,Friday,2025-01-10,21:55:00
38,2.4,Snowy,Low,Night,Scooter,27,5.0,42,Saturday,2025-01-11,23:14:00
966,7.44,Rainy,Medium,Evening,Bike,6,1.0,39,Tuesday,2025-01-07,17:46:00
375,1.89,Clear,Medium,Evening,Scooter,13,7.0,22,Saturday,2025-01-11,17:30:00
968,6.29,,Medium,Night,Scooter,10,7.0,27,Friday,2025-01-10,21:33:00
705,1.74,Clear,Medium,Night,Bike,23,2.0,34,Friday,2025-01-10,23:46:00
195,7.11,Clear,Low,Afternoon,Scooter,27,,48,Sunday,2025-01-12,15:21:00
855,4.5,Windy,Low,Evening,Scooter,20,6.0,32,Saturday,2025-01-11,16:20:00
865,8.31,Windy,Medium,Night,Bike,6,5.0,44,Tuesday,2025-01-07,21:27:00
504,16.37,Clear,High,Night,Bike,26,7.0,97,Saturday,2025-01-11,23:13:00
970,9.78,Clear,Medium,Afternoon,Bike,18,3.0,58,Monday,2025-01-06,15:28:00
831,4.88,Windy,Medium,Afternoon,Scooter,26,7.0,48,Monday,2025-01-06,12:23:00
580,5.54,Rainy,Medium,Afternoon,Scooter,28,9.0,51,Thursday,2025-01-09,13:36:00
163,12.85,Clear,Low,Afternoon,Scooter,5,,54,Sunday,2025-01-12,13:19:00
909,5.56,Clear,Low,Afternoon,Scooter,19,5.0,31,Tuesday,2025-01-07,12:31:00
153,3.33,,Medium,Evening,Scooter,24,2.0,44,Saturday,2025-01-11,18:21:00
802,3.47,Snowy,High,Night,Bike,24,9.0,53,Tuesday,2025-01-07,21:26:00
994,12.01,Clear,Low,Night,Scooter,26,6.0,57,Saturday,2025-01-11,23:24:00
112,3.64,Clear,Low,Night,Scooter,16,3.0,26,Friday,2025-01-10,23:48:00
227,19.47,Clear,Low,Night,Bike,16,8.0,83,Saturday,2025-01-11,22:20:00
689,15.51,Rainy,Medium,Night,Scooter,10,8.0,81,Tuesday,2025-01-07,20:36:00
104,10.42,Windy,Medium,Afternoon,Bike,28,3.0,72,Saturday,2025-01-11,12:59:00
420,15.17,Windy,Low,Night,Bike,25,4.0,77,Sunday,2025-01-12,21:03:00
751,2.78,Rainy,Low,Evening,Bike,21,4.0,37,Saturday,2025-01-11,18:36:00
587,1.98,Rainy,Low,Afternoon,Bike,22,0.0,39,Friday,2025-01-10,15:24:00
781,14.03,Clear,Low,Afternoon,Bike,17,2.0,65,Sunday,2025-01-12,13:25:00
673,2.06,Foggy,Medium,Evening,Scooter,22,4.0,40,Monday,2025-01-06,16:34:00
120,11.02,Clear,High,Night,Scooter,22,2.0,70,Saturday,2025-01-11,23:12:00
54,17.95,Snowy,High,Night,Scooter,16,,96,Sunday,2025-01-12,23:06:00
152,5.17,Foggy,Low,Night,Bike,29,0.0,56,Monday,2025-01-06,21:11:00
404,16.62,Snowy,Low,Afternoon,Bike,26,8.0,94,Thursday,2025-01-09,15:40:00
208,13.44,Clear,,Evening,Scooter,9,5.0,55,Tuesday,2025-01-07,18:05:00
659,13.1,Clear,Low,Evening,Bike,28,2.0,72,Friday,2025-01-10,17:06:00
844,19.24,Rainy,High,Afternoon,Bike,9,7.0,75,Friday,2025-01-10,13:02:00
763,5.35,Clear,Medium,Afternoon,Scooter,24,6.0,43,Wednesday,2025-01-08,15:01:00
9,12.22,Clear,Low,Evening,Scooter,15,0.0,56,Thursday,2025-01-09,17:12:00
652,10.97,Clear,Low,Afternoon,Scooter,27,3.0,51,Wednesday,2025-01-08,12:58:00
254,6.68,Clear,High,Night,Scooter,10,5.0,44,Thursday,2025-01-09,23:18:00
304,12.93,Rainy,Low,Afternoon,Scooter,25,0.0,61,Tuesday,2025-01-07,13:14:00
747,7.99,Clear,Medium,Evening,Bike,18,4.0,42,Sunday,2025-01-12,18:42:00
572,15.78,Clear,High,Afternoon,Scooter,12,1.0,68,Monday,2025-01-06,12:29:00
624,9.95,Windy,High,Evening,Scooter,21,5.0,72,Sunday,2025-01-12,16:23:00
733,13.47,Rainy,Low,Afternoon,Scooter,7,6.0,46,Friday,2025-01-10,12:10:00
892,17.19,Clear,Medium,Afternoon,Bike,11,8.0,76,Thursday,2025-01-09,14:55:00
263,3.23,Clear,High,Afternoon,Bike,17,9.0,33,Saturday,2025-01-11,15:25:00
611,1.27,Foggy,High,Afternoon,Bike,25,9.0,46,Friday,2025-01-10,13:07:00
298,4.71,Clear,Low,Night,Bike,20,6.0,31,Friday,2025-01-10,21:12:00
415,12.82,Rainy,Medium,Evening,Bike,28,9.0,72,Tuesday,2025-01-07,19:30:00
151,18.21,,Low,Evening,Bike,6,3.0,74,Thursday,2025-01-09,16:24:00
789,9.51,Clear,High,Night,Bike,26,9.0,63,Wednesday,2025-01-08,21:08:00
890,5.24,Windy,High,Afternoon,Scooter,26,8.0,51,Monday,2025-01-06,13:19:00
887,13.23,Clear,Medium,Night,Bike,20,8.0,70,Thursday,2025-01-09,23:52:00
489,19.03,Clear,Medium,Night,Scooter,8,8.0,65,Monday,2025-01-06,23:10:00
148,10.3,Rainy,Low,Evening,Bike,29,0.0,73,Wednesday,2025-01-08,18:37:00
147,12.39,Snowy,Medium,Evening,Bike,14,8.0,56,Monday,2025-01-06,17:32:00
721,18.8,Clear,High,Afternoon,Bike,23,7.0,95,Tuesday,2025-01-07,15:17:00
932,16.78,Rainy,Medium,Night,Bike,22,1.0,70,Tuesday,2025-01-07,23:11:00
740,7.85,Clear,Low,Afternoon,Scooter,7,9.0,34,Sunday,2025-01-12,13:28:00
660,11.63,Clear,Medium,Night,Scooter,29,7.0,57,Monday,2025-01-06,20:52:00
464,11.88,Rainy,Medium,Afternoon,Bike,5,1.0,63,Friday,2025-01-10,15:38:00
187,16.44,Rainy,High,Afternoon,Bike,12,,86,Tuesday,2025-01-07,13:33:00
854,18.01,Foggy,High,Night,Bike,14,2.0,71,Sunday,2025-01-12,22:58:00
959,3.74,Rainy,Low,Night,Bike,19,6.0,36,Monday,2025-01-06,23:29:00
198,17.99,Windy,High,Evening,Bike,5,1.0,73,Sunday,2025-01-12,19:36:00
610,13.96,Rainy,Low,Night,Bike,5,1.0,42,Friday,2025-01-10,20:47:00
280,16.02,Clear,Low,Evening,Bike,20,7.0,61,Monday,2025-01-06,16:18:00
401,2.51,Clear,Low,Night,Bike,16,2.0,28,Sunday,2025-01-12,23:22:00
123,6.7,Foggy,High,Night,Scooter,23,3.0,59,Friday,2025-01-10,22:25:00
184,17.61,Windy,Low,Night,Bike,5,8.0,61,Wednesday,2025-01-08,20:55:00
203,3.65,Clear,Medium,Morning,Bike,29,9.0,46,Saturday,2025-01-11,09:26:00
247,8.85,Clear,Low,Afternoon,Bike,11,9.0,45,Sunday,2025-01-12,13:11:00
416,9.24,Windy,,Afternoon,Bike,8,2.0,49,Friday,2025-01-10,15:29:00
836,8.67,Rainy,High,Afternoon,Bike,12,7.0,104,Wednesday,2025-01-08,15:58:00
888,5.14,Clear,Medium,Evening,Scooter,23,7.0,43,Saturday,2025-01-11,17:44:00
130,10.46,Clear,,Evening,Bike,25,3.0,68,Saturday,2025-01-11,16:25:00
638,5.23,Clear,Medium,Night,Scooter,23,2.0,47,Sunday,2025-01-12,20:15:00
403,10.35,Clear,Medium,Night,Bike,7,9.0,48,Saturday,2025-01-11,21:17:00
785,4.04,Rainy,High,Evening,Bike,14,6.0,39,Wednesday,2025-01-08,18:42:00
771,2.66,Clear,Low,Afternoon,Bike,16,8.0,21,Sunday,2025-01-12,12:44:00
736,17.61,Foggy,Medium,Afternoon,Bike,9,5.0,74,Tuesday,2025-01-07,13:58:00
914,8.48,Clear,High,Night,Bike,11,5.0,39,Wednesday,2025-01-08,23:26:00
220,17.06,Clear,Low,Evening,Bike,9,9.0,66,Friday,2025-01-10,16:23:00
642,6.78,Foggy,Low,Night,Bike,18,6.0,42,Friday,2025-01-10,20:48:00
753,12.74,Clear,Low,Afternoon,Scooter,12,0.0,63,Monday,2025-01-06,12:32:00
807,18.72,Rainy,Medium,Afternoon,Bike,17,0.0,89,Saturday,2025-01-11,14:26:00
920,3.23,Clear,Low,Morning,Bike,7,7.0,14,Thursday,2025-01-09,10:10:00
875,1.0,Snowy,Medium,Night,Bike,28,0.0,51,Thursday,2025-01-09,21:16:00
761,3.46,Clear,Low,Night,Bike,24,6.0,37,Saturday,2025-01-11,20:29:00
973,14.79,Clear,Medium,Morning,Scooter,12,9.0,64,Thursday,2025-01-09,09:04:00
268,14.2,Clear,Medium,Afternoon,Bike,17,1.0,73,Monday,2025-01-06,15:24:00
820,7.04,Clear,Low,Afternoon,Bike,11,8.0,38,Tuesday,2025-01-07,14:47:00
497,11.88,Rainy,Medium,Evening,Bike,20,8.0,69,Sunday,2025-01-12,19:54:00
113,18.63,Clear,Low,Evening,Bike,26,8.0,75,Monday,2025-01-06,17:25:00
692,8.8,Rainy,Medium,Afternoon,Bike,6,2.0,38,Thursday,2025-01-09,12:00:00
233,11.75,Clear,High,Morning,Bike,9,2.0,55,Friday,2025-01-10,10:07:00
608,7.6,Foggy,Low,Night,Bike,16,4.0,48,Friday,2025-01-10,22:38:00
374,13.82,Clear,Medium,Evening,Bike,21,9.0,72,Monday,2025-01-06,17:20:00
982,15.53,Foggy,Low,Evening,Bike,26,7.0,68,Friday,2025-01-10,19:31:00
843,3.97,Clear,High,Afternoon,Bike,19,8.0,40,Thursday,2025-01-09,15:04:00
786,18.21,Foggy,Low,Night,Bike,5,1.0,70,Sunday,2025-01-12,20:35:00
677,2.68,Clear,Low,Night,Bike,16,8.0,25,Tuesday,2025-01-07,21:45:00
318,3.88,Snowy,Low,Night,Bike,9,6.0,33,Thursday,2025-01-09,23:08:00
411,6.73,Clear,Medium,Afternoon,Bike,21,1.0,54,Thursday,2025-01-09,15:52:00
899,0.75,Clear,Medium,Afternoon,Bike,10,5.0,16,Thursday,2025-01-09,14:53:00
710,13.79,Rainy,Low,Night,Scooter,11,0.0,69,Saturday,2025-01-11,21:10:00
359,18.83,Clear,Medium,Evening,Scooter,5,8.0,69,Wednesday,2025-01-08,16:38:00
259,11.62,Clear,Low,Afternoon,Bike,9,8.0,33,Wednesday,2025-01-08,12:11:00
745,5.03,Clear,Medium,Night,Bike,17,,38,Saturday,2025-01-11,21:05:00
628,15.08,Rainy,Medium,Evening,Scooter,26,1.0,94,Friday,2025-01-10,19:10:00
283,7.82,Rainy,Medium,Evening,Bike,16,8.0,45,Thursday,2025-01-09,16:42:00
377,16.98,Clear,Low,Night,Bike,11,6.0,78,Tuesday,2025-01-07,20:43:00
225,5.67,Clear,Low,Night,Scooter,11,9.0,27,Tuesday,2025-01-07,22:09:00
954,18.33,Snowy,Medium,Night,Scooter,5,5.0,67,Monday,2025-01-06,23:22:00
815,17.46,Clear,Medium,Night,Scooter,6,,62,Monday,2025-01-06,21:13:00
473,1.34,Foggy,High,Evening,Bike,9,5.0,30,Friday,2025-01-10,16:57:00
348,1.38,Clear,Low,Night,Scooter,13,9.0,17,Sunday,2025-01-12,21:28:00
506,3.67,Clear,Low,Afternoon,Bike,9,0.0,26,Wednesday,2025-01-08,12:53:00
988,8.98,Clear,Medium,Afternoon,Scooter,22,8.0,105,Wednesday,2025-01-08,12:24:00
929,12.85,Rainy,Medium,Evening,Scooter,6,7.0,61,Tuesday,2025-01-07,18:28:00
906,17.91,Clear,Low,Afternoon,Bike,6,7.0,68,Thursday,2025-01-09,12:38:00
856,4.22,Clear,Medium,Night,Bike,16,7.0,35,Monday,2025-01-06,20:03:00
804,12.33,Clear,High,Night,Bike,7,2.0,101,Sunday,2025-01-12,23:49:00
646,17.87,Snowy,Low,Night,Scooter,29,4.0,87,Saturday,2025-01-11,21:59:00
557,3.11,Rainy,Medium,Night,Scooter,21,1.0,43,Sunday,2025-01-12,21:23:00
958,1.42,Clear,High,Afternoon,Scooter,24,2.0,40,Sunday,2025-01-12,13:12:00
578,18.57,Rainy,Medium,Afternoon,Bike,16,7.0,89,Friday,2025-01-10,12:01:00
796,17.51,Clear,Medium,Evening,Bike,15,3.0,60,Friday,2025-01-10,19:01:00
86,6.84,Clear,Medium,Evening,Bike,25,1.0,51,Tuesday,2025-01-07,16:21:00
243,18.34,Snowy,Medium,Afternoon,Scooter,22,,91,Thursday,2025-01-09,13:43:00
699,3.51,Windy,Medium,Night,Bike,22,2.0,44,Sunday,2025-01-12,20:14:00
160,14.7,Clear,Medium,Night,Scooter,6,2.0,58,Monday,2025-01-06,20:51:00
541,19.1,Snowy,Medium,Night,Bike,25,6.0,90,Sunday,2025-01-12,22:43:00
171,13.71,Rainy,Medium,Evening,Bike,22,9.0,64,Thursday,2025-01-09,17:02:00
655,8.92,Clear,Medium,Night,Bike,10,1.0,51,Sunday,2025-01-12,23:32:00
891,14.58,Clear,Low,Evening,Bike,23,0.0,70,Sunday,2025-01-12,16:52:00
848,19.94,Clear,Low,Afternoon,Bike,26,6.0,83,Saturday,2025-01-11,14:20:00
945,4.53,Snowy,Medium,Night,Scooter,18,4.0,49,Saturday,2025-01-11,20:22:00
96,10.13,Clear,Medium,Evening,Bike,22,0.0,65,Thursday,2025-01-09,17:39:00
564,0.78,Clear,Low,Afternoon,Bike,11,0.0,18,Saturday,2025-01-11,13:59:00
241,18.84,Foggy,Medium,Afternoon,Scooter,25,8.0,88,Sunday,2025-01-12,15:27:00
743,15.08,Snowy,Low,Evening,Bike,29,7.0,84,Saturday,2025-01-11,16:14:00
575,17.32,Clear,Low,Evening,Scooter,10,3.0,77,Friday,2025-01-10,17:06:00
691,6.81,Clear,Medium,Evening,Bike,23,2.0,47,Friday,2025-01-10,18:20:00
461,2.79,Clear,High,Night,Bike,23,7.0,38,Saturday,2025-01-11,21:00:00
889,2.44,Snowy,High,Evening,Bike,13,9.0,39,Friday,2025-01-10,19:41:00
207,2.48,Rainy,Low,Evening,Scooter,20,8.0,30,Saturday,2025-01-11,18:00:00
393,7.75,,Medium,Evening,Scooter,21,1.0,55,Friday,2025-01-10,19:13:00
795,0.85,Clear,Medium,Morning,Bike,9,8.0,17,Monday,2025-01-06,10:14:00
398,8.87,Clear,Low,Evening,Bike,19,3.0,55,Thursday,2025-01-09,16:42:00
849,10.29,Foggy,Medium,Evening,Scooter,25,4.0,67,Thursday,2025-01-09,18:41:00
218,15.06,Rainy,Low,Night,Bike,22,4.0,65,Tuesday,2025-01-07,22:02:00
5,3.54,Foggy,Low,Evening,Bike,23,7.0,37,Tuesday,2025-01-07,16:56:00
769,7.17,Clear,Medium,Night,Scooter,7,9.0,29,Friday,2025-01-10,21:26:00
613,12.74,Rainy,Low,Afternoon,Bike,17,9.0,63,Monday,2025-01-06,14:49:00
739,9.06,Clear,High,Evening,Bike,26,3.0,61,Wednesday,2025-01-08,19:06:00
547,2.71,Foggy,Low,Night,Bike,6,0.0,28,Saturday,2025-01-11,21:16:00
726,16.92,Clear,Low,Night,Bike,23,5.0,78,Sunday,2025-01-12,20:38:00
684,13.54,Foggy,Low,Night,Bike,11,1.0,54,Saturday,2025-01-11,22:40:00
99,1.0,Snowy,Medium,Night,Bike,25,4.0,44,Sunday,2025-01-12,23:43:00
574,12.63,Foggy,Medium,Night,Scooter,8,8.0,49,Saturday,2025-01-11,21:21:00
503,6.54,Clear,Medium,Night,Bike,10,7.0,39,Wednesday,2025-01-08,21:40:00
48,10.64,Clear,Medium,Afternoon,Scooter,14,5.0,45,Saturday,2025-01-11,14:54:00
33,1.77,Clear,Medium,Evening,Bike,14,9.0,22,Saturday,2025-01-11,19:04:00
780,13.0,Foggy,Low,Evening,Bike,25,7.0,77,Thursday,2025-01-09,18:01:00
840,12.83,Clear,Low,Evening,Bike,5,8.0,50,Monday,2025-01-06,19:24:00
135,18.89,Rainy,Medium,Night,Scooter,22,1.0,74,Saturday,2025-01-11,23:30:00
28,10.53,Foggy,High,Evening,Bike,25,8.0,72,Monday,2025-01-06,17:32:00
881,5.01,Rainy,Low,Afternoon,Bike,10,5.0,31,Friday,2025-01-10,12:14:00
231,16.0,Foggy,Medium,Afternoon,Scooter,13,3.0,65,Tuesday,2025-01-07,12:39:00
490,17.86,Clear,Low,Afternoon,Scooter,16,8.0,83,Friday,2025-01-10,12:19:00
773,2.99,Foggy,High,Afternoon,Bike,9,5.0,90,Friday,2025-01-10,13:47:00
379,16.38,Clear,Medium,Night,Bike,6,2.0,51,Monday,2025-01-06,23:48:00
289,6.09,Clear,Medium,Night,Bike,7,4.0,27,Thursday,2025-01-09,21:39:00
419,13.61,Clear,Low,Night,Bike,26,0.0,66,Friday,2025-01-10,20:03:00
675,8.5,Snowy,High,Evening,Bike,14,7.0,56,Saturday,2025-01-11,17:23:00
392,8.55,Clear,Low,Evening,Scooter,28,8.0,46,Sunday,2025-01-12,19:18:00
593,4.05,Clear,Medium,Afternoon,Scooter,21,5.0,39,Friday,2025-01-10,13:09:00
499,19.5,Clear,High,Night,Bike,18,2.0,73,Saturday,2025-01-11,23:13:00
139,7.59,Clear,,Afternoon,Scooter,16,3.0,37,Wednesday,2025-01-08,12:15:00
63,16.66,Snowy,High,Afternoon,Scooter,29,7.0,95,Thursday,2025-01-09,15:47:00
648,13.74,Foggy,Medium,Afternoon,Bike,6,1.0,56,Tuesday,2025-01-07,14:08:00
129,0.64,Clear,High,Night,Bike,10,3.0,24,Friday,2025-01-10,22:20:00
977,12.1,Clear,High,Afternoon,Bike,11,0.0,53,Wednesday,2025-01-08,12:33:00
839,11.82,Windy,Medium,Night,Bike,24,7.0,77,Monday,2025-01-06,23:41:00
963,5.28,Foggy,Low,Night,Bike,27,6.0,53,Saturday,2025-01-11,22:48:00
813,2.93,Clear,Medium,Night,Bike,24,8.0,94,Saturday,2025-01-11,20:14:00
15,4.05,Snowy,Medium,Evening,Scooter,19,2.0,50,Thursday,2025-01-09,18:21:00
157,13.61,Clear,Low,Night,Scooter,12,2.0,43,Monday,2025-01-06,22:44:00
493,5.91,Clear,Medium,Evening,Scooter,29,4.0,57,Thursday,2025-01-09,16:58:00
380,6.0,Rainy,Medium,Evening,Scooter,21,2.0,47,Thursday,2025-01-09,17:51:00
188,11.33,Clear,Medium,Afternoon,Scooter,29,7.0,77,Saturday,2025-01-11,13:38:00
764,15.01,Clear,Medium,Night,Bike,15,6.0,64,Wednesday,2025-01-08,21:23:00
217,6.85,Clear,High,Night,Bike,16,5.0,48,Saturday,2025-01-11,23:14:00
879,1.03,Clear,Medium,Afternoon,Bike,19,4.0,29,Sunday,2025-01-12,15:40:00
749,18.18,Snowy,High,Afternoon,Bike,17,3.0,85,Wednesday,2025-01-08,12:04:00
725,11.7,Rainy,Low,Afternoon,Bike,17,5.0,60,Sunday,2025-01-12,15:04:00
296,10.68,Clear,Low,Night,Bike,14,1.0,42,Thursday,2025-01-09,21:03:00
702,1.51,Clear,High,Evening,Bike,26,1.0,44,Wednesday,2025-01-08,17:13:00
252,8.01,Clear,High,Morning,Bike,8,6.0,48,Thursday,2025-01-09,09:05:00
462,13.16,Rainy,High,Night,Scooter,25,8.0,68,Monday,2025-01-06,21:37:00
456,10.11,Windy,Low,Night,Bike,11,4.0,44,Tuesday,2025-01-07,21:15:00
997,18.39,Windy,Low,Afternoon,Bike,24,6.0,74,Thursday,2025-01-09,12:27:00
863,10.73,Clear,,Afternoon,Bike,7,5.0,57,Saturday,2025-01-11,15:19:00
202,2.14,Clear,Low,Afternoon,Bike,25,1.0,36,Sunday,2025-01-12,13:46:00
162,12.83,Clear,Medium,Night,Bike,19,2.0,76,Saturday,2025-01-11,21:15:00
556,8.37,Clear,High,Evening,Scooter,13,7.0,42,Tuesday,2025-01-07,19:11:00
730,3.69,Rainy,Medium,Afternoon,Bike,8,8.0,27,Saturday,2025-01-11,13:19:00
402,18.1,Clear,Low,Night,Scooter,8,5.0,77,Friday,2025-01-10,22:36:00
703,7.06,Clear,Low,Afternoon,Scooter,26,5.0,51,Saturday,2025-01-11,15:40:00
477,1.94,Foggy,Low,Night,Bike,10,1.0,25,Saturday,2025-01-11,21:17:00
822,0.59,Clear,Low,Afternoon,Bike,21,0.0,27,Sunday,2025-01-12,15:05:00
772,17.01,Snowy,Low,Night,Bike,28,6.0,97,Thursday,2025-01-09,22:25:00
106,5.36,Clear,Low,Afternoon,Scooter,11,4.0,30,Saturday,2025-01-11,15:10:00
390,16.23,Clear,Medium,Evening,Bike,6,0.0,54,Wednesday,2025-01-08,19:28:00
938,18.33,Foggy,Medium,Night,Scooter,19,0.0,98,Sunday,2025-01-12,22:43:00
983,2.58,Clear,Medium,Night,Scooter,25,7.0,37,Tuesday,2025-01-07,21:01:00
562,4.65,Clear,Medium,Evening,Bike,21,1.0,46,Monday,2025-01-06,19:48:00
81,17.33,Snowy,Low,Evening,Scooter,12,3.0,79,Tuesday,2025-01-07,17:52:00
206,0.68,Snowy,High,Evening,Bike,29,8.0,50,Saturday,2025-01-11,19:01:00
35,19.33,Clear,Medium,Night,Bike,7,8.0,73,Thursday,2025-01-09,21:30:00
509,19.02,Rainy,High,Evening,Scooter,22,1.0,106,Thursday,2025-01-09,16:48:00
428,17.81,Windy,High,Evening,Bike,21,4.0,122,Sunday,2025-01-12,18:38:00
367,19.24,Snowy,Low,Evening,Bike,26,1.0,114,Sunday,2025-01-12,17:35:00
92,14.41,Rainy,,Night,Bike,16,6.0,85,Wednesday,2025-01-08,21:16:00
340,2.41,,Medium,Evening,Bike,15,9.0,25,Tuesday,2025-01-07,19:29:00
898,17.98,Clear,Low,Evening,Bike,5,8.0,45,Saturday,2025-01-11,18:29:00
565,7.34,Foggy,Medium,Afternoon,Bike,22,5.0,93,Sunday,2025-01-12,14:24:00
346,12.51,Clear,Medium,Evening,Bike,18,5.0,62,Friday,2025-01-10,19:04:00
777,4.97,Rainy,Low,Evening,Bike,17,9.0,34,Friday,2025-01-10,18:08:00
242,19.1,Snowy,Low,Afternoon,Bike,18,1.0,101,Wednesday,2025-01-08,15:12:00
14,4.64,Clear,Low,Afternoon,Bike,15,9.0,24,Saturday,2025-01-11,13:58:00
316,14.07,Rainy,Low,Evening,Bike,10,5.0,63,Friday,2025-01-10,17:00:00
601,3.79,Clear,Medium,Night,Bike,13,2.0,34,Friday,2025-01-10,20:55:00
388,3.96,Clear,Medium,Afternoon,Bike,23,,44,Monday,2025-01-06,14:31:00
274,18.31,Clear,Medium,Afternoon,Bike,25,3.0,79,Sunday,2025-01-12,15:59:00
167,6.76,Foggy,Medium,Night,Bike,7,6.0,42,Friday,2025-01-10,23:25:00
993,5.81,Rainy,Medium,Evening,Bike,14,8.0,41,Tuesday,2025-01-07,18:24:00
647,12.08,Clear,High,Afternoon,Scooter,16,4.0,60,Friday,2025-01-10,15:19:00
485,11.89,Clear,Medium,Afternoon,Bike,28,0.0,79,Saturday,2025-01-11,12:26:00
505,13.85,Clear,Low,Evening,Bike,29,5.0,71,Friday,2025-01-10,16:58:00
832,9.32,Rainy,Medium,Evening,Scooter,24,2.0,71,Saturday,2025-01-11,16:24:00
244,7.72,Foggy,High,Evening,Bike,19,4.0,64,Friday,2025-01-10,17:12:00
567,8.15,Rainy,Low,Afternoon,Bike,26,2.0,50,Sunday,2025-01-12,15:16:00
876,3.54,Rainy,Medium,Afternoon,Scooter,17,4.0,41,Monday,2025-01-06,14:32:00
687,11.65,Windy,Low,Night,Bike,10,3.0,53,Tuesday,2025-01-07,23:40:00
190,5.22,Snowy,Medium,Afternoon,Scooter,14,3.0,43,Tuesday,2025-01-07,14:44:00
783,5.41,Clear,High,Morning,Scooter,17,6.0,38,Saturday,2025-01-11,09:41:00
476,19.86,Rainy,High,Evening,Bike,12,8.0,71,Friday,2025-01-10,19:59:00
682,5.53,Windy,High,Night,Bike,23,4.0,59,Sunday,2025-01-12,23:47:00
511,12.46,Foggy,Low,Afternoon,Bike,10,1.0,62,Saturday,2025-01-11,13:15:00
475,10.79,Clear,Medium,Evening,Scooter,24,1.0,65,Friday,2025-01-10,19:02:00
561,14.23,Clear,Medium,Afternoon,Scooter,23,7.0,70,Sunday,2025-01-12,14:40:00
857,1.21,Snowy,Low,Afternoon,Bike,22,1.0,39,Wednesday,2025-01-08,12:44:00
748,11.1,Clear,Low,Afternoon,Bike,18,7.0,56,Saturday,2025-01-11,13:16:00
253,17.1,Clear,Medium,Evening,Bike,25,5.0,65,Thursday,2025-01-09,19:43:00
22,3.22,Clear,Medium,Afternoon,Bike,19,9.0,32,Friday,2025-01-10,13:16:00
460,2.82,Rainy,Medium,Evening,Scooter,10,1.0,29,Saturday,2025-01-11,17:38:00
161,7.67,Foggy,Medium,Afternoon,Scooter,22,8.0,59,Friday,2025-01-10,13:00:00
277,16.07,Clear,Medium,Evening,Bike,16,5.0,64,Tuesday,2025-01-07,16:49:00
956,7.97,Windy,Medium,Evening,Scooter,9,8.0,35,Thursday,2025-01-09,16:41:00
386,16.17,Clear,Medium,Evening,Scooter,12,2.0,78,Friday,2025-01-10,19:25:00
806,14.86,,High,Night,Scooter,15,4.0,91,Saturday,2025-01-11,20:33:00
414,11.68,Clear,,Afternoon,Scooter,25,7.0,70,Thursday,2025-01-09,13:56:00
492,12.59,Clear,Low,Evening,Scooter,10,2.0,39,Sunday,2025-01-12,19:10:00
770,16.51,Clear,Medium,Night,Bike,7,1.0,79,Thursday,2025-01-09,23:16:00
662,19.74,Rainy,High,Afternoon,Scooter,11,7.0,81,Friday,2025-01-10,14:32:00
131,8.64,Snowy,Low,Evening,Bike,29,4.0,62,Saturday,2025-01-11,19:37:00
872,5.78,Clear,High,Night,Bike,11,5.0,38,Friday,2025-01-10,22:46:00
100,2.6,Clear,Low,Afternoon,Bike,16,1.0,29,Sunday,2025-01-12,15:48:00
373,2.34,Foggy,Medium,Night,Bike,8,2.0,28,Saturday,2025-01-11,20:06:00
88,12.93,Clear,Medium,Night,Scooter,20,8.0,58,Friday,2025-01-10,22:52:00
459,1.6,Clear,Medium,Evening,Bike,14,8.0,24,Monday,2025-01-06,17:17:00
331,7.44,Rainy,Low,Evening,Bike,27,,53,Thursday,2025-01-09,17:59:00
215,14.39,Rainy,Medium,Morning,Scooter,6,,50,Wednesday,2025-01-08,11:25:00
467,6.07,,Low,Afternoon,Bike,18,4.0,35,Saturday,2025-01-11,14:00:00
122,17.97,Windy,Medium,Night,Scooter,28,7.0,92,Tuesday,2025-01-07,21:52:00
615,17.53,Clear,Low,Afternoon,Bike,14,6.0,79,Tuesday,2025-01-07,15:00:00
21,12.43,Rainy,High,Night,Bike,13,6.0,70,Tuesday,2025-01-07,20:04:00
701,10.89,Windy,Medium,Evening,Bike,7,0.0,58,Tuesday,2025-01-07,19:33:00
72,4.37,Clear,Medium,Evening,Scooter,6,7.0,25,Wednesday,2025-01-08,19:41:00
271,16.28,Rainy,Low,Night,Scooter,8,9.0,71,Sunday,2025-01-12,22:46:00
861,15.62,Snowy,High,Evening,Scooter,26,2.0,81,Saturday,2025-01-11,19:10:00
436,14.17,Clear,Low,Afternoon,Bike,8,0.0,55,Saturday,2025-01-11,13:23:00
103,6.63,Foggy,Low,Night,Scooter,24,3.0,58,Saturday,2025-01-11,21:45:00
